-- phpMyAdmin SQL Dump
-- version 5.0.2
-- https://www.phpmyadmin.net/
--
-- Host: 127.0.0.1:3306
-- Generation Time: May 07, 2022 at 11:32 AM
-- Server version: 5.7.31
-- PHP Version: 7.3.21

SET SQL_MODE = "NO_AUTO_VALUE_ON_ZERO";
START TRANSACTION;
SET time_zone = "+00:00";


/*!40101 SET @OLD_CHARACTER_SET_CLIENT=@@CHARACTER_SET_CLIENT */;
/*!40101 SET @OLD_CHARACTER_SET_RESULTS=@@CHARACTER_SET_RESULTS */;
/*!40101 SET @OLD_COLLATION_CONNECTION=@@COLLATION_CONNECTION */;
/*!40101 SET NAMES utf8mb4 */;

--
-- Database: `covid`
--

-- --------------------------------------------------------

--
-- Table structure for table `admins`
--

DROP TABLE IF EXISTS `admins`;
CREATE TABLE IF NOT EXISTS `admins` (
  `admin_id` int(11) NOT NULL,
  `admin_name` text COLLATE utf8mb4_unicode_ci NOT NULL,
  `admin_user_name` text COLLATE utf8mb4_unicode_ci NOT NULL,
  `admin_email` text COLLATE utf8mb4_unicode_ci NOT NULL,
  `admin_pass` text COLLATE utf8mb4_unicode_ci NOT NULL,
  `admin_image` text COLLATE utf8mb4_unicode_ci NOT NULL,
  `admin_contact` text COLLATE utf8mb4_unicode_ci NOT NULL,
  `admin_country` text COLLATE utf8mb4_unicode_ci NOT NULL,
  `admin_job` text COLLATE utf8mb4_unicode_ci NOT NULL,
  `admin_about` text COLLATE utf8mb4_unicode_ci NOT NULL,
  `isS3` int(11) NOT NULL
) ENGINE=InnoDB DEFAULT CHARSET=utf8mb4 COLLATE=utf8mb4_unicode_ci;

--
-- Dumping data for table `admins`
--

INSERT INTO `admins` (`admin_id`, `admin_name`, `admin_user_name`, `admin_email`, `admin_pass`, `admin_image`, `admin_contact`, `admin_country`, `admin_job`, `admin_about`, `isS3`) VALUES
(1, 'psychoDev', 'anokh', 'physchodev@gmail.com', 'India@12', '20210611_185251.jpg', '3131313131', 'NIGiria', 'fjlfjl', 'fjfljl', 0);

-- --------------------------------------------------------

--
-- Table structure for table `general_settings`
--

DROP TABLE IF EXISTS `general_settings`;
CREATE TABLE IF NOT EXISTS `general_settings` (
  `id` int(11) NOT NULL,
  `site_title` text COLLATE utf8mb4_unicode_ci,
  `site_www` int(11) DEFAULT NULL,
  `site_name` text COLLATE utf8mb4_unicode_ci,
  `site_favicon` text COLLATE utf8mb4_unicode_ci,
  `site_logo_text` text COLLATE utf8mb4_unicode_ci,
  `site_logo_image` text COLLATE utf8mb4_unicode_ci,
  `site_logo` text COLLATE utf8mb4_unicode_ci,
  `site_keywords` text COLLATE utf8mb4_unicode_ci,
  `site_author` text COLLATE utf8mb4_unicode_ci,
  `site_url` text COLLATE utf8mb4_unicode_ci,
  `site_email_address` text COLLATE utf8mb4_unicode_ci,
  `site_copyright` text COLLATE utf8mb4_unicode_ci,
  `site_timezone` varchar(255) COLLATE utf8mb4_unicode_ci DEFAULT NULL,
  `tinymce_api_key` text COLLATE utf8mb4_unicode_ci,
  `msg_date` timestamp NOT NULL DEFAULT CURRENT_TIMESTAMP
) ENGINE=InnoDB DEFAULT CHARSET=utf8mb4 COLLATE=utf8mb4_unicode_ci;

--
-- Dumping data for table `general_settings`
--

INSERT INTO `general_settings` (`id`, `site_title`, `site_www`, `site_name`, `site_favicon`, `site_logo_text`, `site_logo_image`, `site_logo`, `site_keywords`, `site_author`, `site_url`, `site_email_address`, `site_copyright`, `site_timezone`, `tinymce_api_key`, `msg_date`) VALUES
(1, 'linked-auto', 1, 'linked-auto', 'logo.png', '', 'logo(2).png', 'logo.png', 'writer,freelancers', '', 'http://localhost/linked-auto', 'adewalejoel70@gmail.com', 'cravinkminds', 'America/Chicago', '', '2021-11-13 10:48:45'),
(2, NULL, NULL, NULL, NULL, NULL, NULL, NULL, NULL, NULL, NULL, NULL, NULL, NULL, NULL, '2022-02-10 13:00:00');

-- --------------------------------------------------------

--
-- Table structure for table `students`
--

DROP TABLE IF EXISTS `students`;
CREATE TABLE IF NOT EXISTS `students` (
  `id` int(11) NOT NULL,
  `vaccination_id` int(11) NOT NULL,
  `roll_no` varchar(20) DEFAULT NULL,
  `registration_id` varchar(17) CHARACTER SET utf8 DEFAULT NULL,
  `student_name` varchar(19) CHARACTER SET utf8 DEFAULT NULL,
  `mother_name` varchar(14) CHARACTER SET utf8 DEFAULT NULL,
  `father_name` varchar(21) CHARACTER SET utf8 DEFAULT NULL,
  `birth` datetime DEFAULT NULL,
  `gender` varchar(6) CHARACTER SET utf8 DEFAULT NULL,
  `category` varchar(67) CHARACTER SET utf8 DEFAULT NULL,
  `cast_category` varchar(24) CHARACTER SET utf8 DEFAULT NULL,
  `caste_id` int(11) DEFAULT NULL,
  `caste` varchar(15) CHARACTER SET utf8 DEFAULT NULL,
  `caste_certificate_no` bigint(20) DEFAULT NULL,
  `mobile` bigint(20) DEFAULT NULL,
  `email` varchar(30) CHARACTER SET utf8 DEFAULT NULL,
  `admission_date` datetime DEFAULT NULL,
  `address` varchar(145) CHARACTER SET utf8 DEFAULT NULL,
  `student_district_name` varchar(11) CHARACTER SET utf8 DEFAULT NULL,
  `aadhar_no` varchar(16) DEFAULT NULL,
  `ppp` varchar(17) CHARACTER SET utf8 DEFAULT NULL,
  `positive_status` tinyint(4) DEFAULT NULL COMMENT '1:Active,0:Inactive',
  `ever_positive` varchar(100) NOT NULL DEFAULT '1' COMMENT '0:positive, 1:not positve',
  `first_dose` datetime DEFAULT CURRENT_TIMESTAMP,
  `second_dose` datetime DEFAULT CURRENT_TIMESTAMP,
  `status` tinyint(4) NOT NULL DEFAULT '1' COMMENT '1:Active,0:Inactive',
  `created` datetime NOT NULL DEFAULT CURRENT_TIMESTAMP,
  `modified` datetime NOT NULL DEFAULT CURRENT_TIMESTAMP,
  `is_deleted` tinyint(4) NOT NULL DEFAULT '1' COMMENT '1:Undelete:0:Delete;'
) ENGINE=MyISAM DEFAULT CHARSET=latin1;

--
-- Dumping data for table `students`
--

INSERT INTO `students` (`id`, `vaccination_id`, `roll_no`, `registration_id`, `student_name`, `mother_name`, `father_name`, `birth`, `gender`, `category`, `cast_category`, `caste_id`, `caste`, `caste_certificate_no`, `mobile`, `email`, `admission_date`, `address`, `student_district_name`, `aadhar_no`, `ppp`, `positive_status`, `ever_positive`, `first_dose`, `second_dose`, `status`, `created`, `modified`, `is_deleted`) VALUES
(1, 1, '120002011024', 'UA163215560724', 'CHETAN PRAKASH ', '', '', '1998-01-06 00:00:00', 'Male', 'Schedule Caste', 'Deprived Scheduled Caste', 631, 'Megh', 10011601007242, 919050325406, 'ambmkg@gmail.com', '2020-10-04 00:00:00', 'HOUSE NO. 602,RATTANGARH, District:AMBALA, State:HARYANA, PIN:134003', 'AMBALA', '865452066243', '', 0, '0', '2020-12-03 21:25:52', NULL, 0, '2021-11-28 22:20:37', '2021-11-28 22:20:37', 1),
(2, 2, '120002011078', 'UA183018108084', 'VIKAS  ', 'BALVINDER', 'SURENDER SINGH', '2001-05-13 00:00:00', 'Male', 'Schedule Caste', 'Scheduled Caste', 38, 'Chamar', 10041501001372, 8295822267, 'vk8896670@gmail.com', '2020-11-03 20:38:03', 'SAMLEHRI,, District:AMBALA, State:HARYANA, PIN:133104', 'AMBALA', '515294498689', '5BDA2335/NBKE7139', 0, '0', '2020-08-03 21:11:29', '2022-02-03 21:25:52', 0, '2021-11-28 22:20:37', '2021-11-28 22:20:37', 1),
(3, 3, '120002011048', 'UA193019202959', 'CHAHAT SHARMA', 'MEENA KUMARI', 'DEEPAK SHARMA', '2001-10-04 00:00:00', 'Male', 'General', 'General', 0, NULL, 919050325406, 919050325406, 'sharmachahat867@gmail.com', '2020-10-05 18:35:51', 'VPO NANEOLA,AMBALA, District:AMBALA, State:HARYANA, PIN:134003', 'AMBALA', '356041267025', '4HXW9202/TXMR9259', 0, '0', '2020-05-03 21:25:52', NULL, 0, '2021-11-28 22:20:37', '2021-11-28 22:20:37', 1),
(4, 5, '120002011029', 'UA193019330383', 'RAHUL SINGLA', 'RENU SINGLA', 'MUNISH SINGLA', '2001-02-25 00:00:00', 'Male', 'Income and Asset Certificate for Economically Weaker Sections (EWS)', 'General', 0, NULL, 919050325406, 919992725406, 'singlarahul384@gmail.com', '2020-10-05 05:49:15', 'Gali no 2, dharam singh colony,Dhakal road, District:JIND, State:HARYANA, PIN:126116', 'JIND', '599565886195', NULL, 0, '0', '2021-07-03 21:25:52', NULL, 0, '2021-11-28 22:20:37', '2021-11-28 22:20:37', 1),
(5, 1, '120002011002', 'UA193019365692', 'GURVINDERPAL SHARMA', 'RENU BALA', 'BALDEV RAJ SHARMA', '2001-11-22 00:00:00', 'Male', 'Income and Asset Certificate for Economically Weaker Sections (EWS)', 'General', 0, NULL, NULL, 7341123455, 'harsh775868@gmail.com', '2020-10-04 07:14:10', 'VILL KANDAULI PO  JHANDOLA,TEH LADWA, District:KURUKSHETRA, State:HARYANA, PIN:136156', 'KURUKSHETRA', '495500200740', '4ONG1333/NNJR3435', 0, '0', '2021-04-03 21:25:52', '2021-08-03 21:25:52', 0, '2021-11-28 22:20:37', '2021-11-28 22:20:37', 1),
(6, 2, '120002011019', 'UA193019373775', 'MOHIT KUMAR', 'JASVEER KAUR', 'RAMESH KUMAR', '2001-01-13 00:00:00', 'Male', 'Backward Class', 'Backward Class-A', 104, 'Lohar', 10011701009701, 919992725406, 'jhonnysaunta@gmail.com', '2020-10-04 11:56:28', 'VPO SAUNTA DISTRICT AND TEHSIL AMBALA,, District:AMBALA, State:HARYANA, PIN:134003', 'AMBALA', '636351767409', '3GTQ3122/BSAC2758', 0, '0', '2021-03-02 21:25:52', '2022-06-08 20:58:13', 0, '2021-11-28 22:20:37', '2021-11-28 22:20:37', 1),
(7, 1, '120002011067', 'UA193019374232', 'BUTTA SINGH', 'RANI DEVI', 'SALINDER KUMAR', '2003-02-06 00:00:00', 'Male', 'Backward Class', 'Backward Class-B', 63, 'Saini', 110731701000216, 8295096729, 'sainipreet0009@gmail.com', '2020-10-14 13:13:41', 'BUTTA SINGH S/O SALINDER KUMAR,VILL. RAMNAGAR 112 PO. KALAL MAJRA, District:KURUKSHETRA, State:HARYANA, PIN:136156', 'KURUKSHETRA', '297223582342', '8TDN6226/ADVL5797', 0, '0', '2021-02-03 21:25:52', '2021-05-05 21:25:52', 0, '2021-11-28 22:20:37', '2021-11-28 22:20:37', 1),
(8, 1, '120002011077', 'UA202001820303', 'Shardha', 'MANJU', 'AMARNATH', '2000-10-31 00:00:00', 'Female', 'Backward Class', 'Backward Class-B', 159, 'Yadav', 556416631557, 9350665158, 'shardhadrm731@gmail.com', '2020-11-03 14:44:44', '31/32,Chanderpuri, Near D R M Office a/c ,31/32 Chanderpuri colony , District:AMBALA, State:HARYANA, PIN:133004', 'AMBALA', '741152829300', '8DYQ0157/FBIN6488', 0, '0', '2021-04-03 21:25:52', '2021-07-03 21:25:52', 0, '2021-11-28 22:20:37', '2021-11-28 22:20:37', 1),
(9, 1, '120002011054', 'UA203020100020', 'POOJA', 'PROMILA', 'JAI PAL', '2001-10-20 00:00:00', 'Female', 'Backward Class', 'Backward Class-A', 50, 'Kumhar', 552121663683, 919992725406, 'ss8929657@gmail.com', '2020-10-08 14:27:28', 'HOUSE NO 451 D,VILL ADHOYA HINDWAN , District:AMBALA, State:HARYANA, PIN:133205', 'AMBALA', '527654773778', '4FBL4699/KVYW7233', 0, '0', '2020-01-03 21:25:52', '2022-02-02 20:58:09', 0, '2021-11-28 22:20:37', '2021-11-28 22:20:37', 1),
(10, 1, '120002011064', 'UA203020100103', 'PRATHAM SINGH', 'POONAM', 'SOM PAL', '2002-08-20 00:00:00', 'Male', 'General', 'General', 0, NULL, NULL, 7082298440, 'prathamsingh392@gmail.com', '2020-10-14 11:21:55', 'VPO ADHOYA HINDWAN TEH BARARA,, District:AMBALA, State:HARYANA, PIN:133205', 'AMBALA', '226206594103', '5TTQ5251/BMGX4480', 0, '0', '2021-08-04 21:25:52', '2022-01-03 21:25:52', 0, '2021-11-28 22:20:37', '2021-11-28 22:20:37', 1),
(11, 1, '120002011060', 'UA203020100314', 'JYOTI', 'SUJEETA DEVI', 'SANJAY KUMAR', '2002-02-21 00:00:00', 'Female', 'Backward Class', 'Backward Class-A', 253, 'Bharbhunja', 10061301002988, 8950337903, 'computerhouse054@gmail.com', '2020-10-13 14:54:44', 'VILLAGE NANHERA,POST OFFICE KULDEEP NAGAR AMBALA CANTT, District:AMBALA, State:HARYANA, PIN:133004', 'AMBALA', '497735550477', '1FJF5753/MHWR3662', 0, '0', '2020-12-03 21:25:52', '2021-11-03 21:25:52', 0, '2021-11-28 22:20:37', '2021-11-28 22:20:37', 1),
(12, 1, '120002011058', 'UA203020100368', 'MOHAMMAD KASIM', 'REENA BEGUM', 'ASGAR HASSMI', '2001-10-16 00:00:00', 'Male', 'General', 'General', 0, NULL, NULL, 9896691786, 'mohammadkasim98786@gmail.com', '2020-10-12 21:24:29', 'H NO 81 VILL KHUDDA KHURD PO KHUDDA KALAN,AMBALA CANTT, District:AMBALA, State:HARYANA, PIN:133001', 'AMBALA', '733689378334', '2IDW8871/VDWY4033', 0, '0', '2020-12-03 21:25:52', '2022-02-03 21:25:52', 0, '2021-11-28 22:20:37', '2021-11-28 22:20:37', 1),
(13, 1, '120002011018', 'UA203020100430', 'MAYA', 'NANDI DEVI', 'GANESH DUTT', '2001-07-21 00:00:00', 'Female', 'General', 'General', 0, NULL, NULL, 8569903984, 'joshimaya984@gmail.com', '2020-10-04 11:47:05', '92, SHAKTI COLONY, ,JANDLI, AMBALA CITY, District:AMBALA, State:HARYANA, PIN:134003', 'AMBALA', '441217557449', '1CXV5542/ECIZ9125', 0, '0', '2020-12-03 21:25:52', '2021-12-03 21:25:52', 0, '2021-11-28 22:20:37', '2021-11-28 22:20:37', 1),
(14, 1, '120002011038', 'UA203020100487', 'MANISH KUMAR', 'MEERA DEVI', 'LAKSHMAN SHAH', '2002-09-09 00:00:00', 'Male', 'Backward Class', 'Backward Class-A', 64, 'Sunar', 10061301002962, 919992725406, 'MK9448014@GMAIL.COM', '2020-10-05 13:33:59', '46, NEW LUCKY NAGAR,AMBALA CANTT, District:AMBALA, State:HARYANA, PIN:133001', 'AMBALA', '769350960373', NULL, 0, '0', '2020-02-03 21:25:52', '2022-02-02 20:58:18', 0, '2021-11-28 22:20:37', '2021-11-28 22:20:37', 1),
(15, 2, '120002011073', 'UA203020100671', 'GOLDY KUMAR', 'MAMTA', 'RAJU BABU', '2002-09-03 00:00:00', 'Male', 'Schedule Caste', 'Deprived Scheduled Caste', 21, 'Kori', 10061601003445, 7496818534, 'jidronzer@gmail.com', '2020-10-29 14:05:36', 'H NO 242  DERA BATTI,BC BAZAR AMBALA CANTT, District:AMBALA, State:HARYANA, PIN:133001', 'AMBALA', '717027891250', '2JEM1422/QMVZ4600', 0, '0', '2021-07-03 21:25:52', '2021-12-03 21:25:52', 0, '2021-11-28 22:20:37', '2021-11-28 22:20:37', 1),
(16, 1, '120002011075', 'UA203020100702', 'MUKESH YADAV', 'PARMILA DEVI', 'HARISH CHAND YADAV', '2003-03-30 00:00:00', 'Male', 'Backward Class', 'Backward Class-B', 159, 'Yadav', 2572, 8168684374, 'yaklesh066@gmail.com', '2020-10-29 17:34:31', 'MILITARY DAIRY FARM NEAR MAMA BHANJA PEER ,AMBALA CANTT, District:AMBALA, State:HARYANA, PIN:133001', 'AMBALA', '236464204908', '2RTB1720/PUCM1135', 0, '0', '2021-02-03 21:25:52', '2021-12-03 21:25:52', 0, '2021-11-28 22:20:37', '2021-11-28 22:20:37', 1),
(17, 4, '120002011008', 'UA203020100813', 'ANCHAL', 'SMT BABLI', 'SH SUNIL KUMAR', '2003-05-05 00:00:00', 'Female', 'Backward Class', 'Backward Class-A', 104, 'Lohar', 10061601008542, 8607913927, 'anchaldhiman860@gmail.com', '2020-10-04 10:22:56', 'HOUSE NO 188 B,SEC D DEFENCE COLONY AMBALA CANTT, District:AMBALA, State:HARYANA, PIN:133001', 'AMBALA', '289902018628', '4PKR3306/QSZF9188', 0, '0', '2021-05-03 21:25:52', '2021-12-03 21:25:52', 0, '2021-11-28 22:20:37', '2021-11-28 22:20:37', 1),
(18, 4, '120002011035', 'UA203020100942', 'SAMEER', 'SMT SEEMA', 'SH DUNI CHAND', '2002-09-18 00:00:00', 'Male', 'Schedule Caste', 'Scheduled Caste', 38, 'Chamar', 10061601008748, 9306533729, 'deolsameer707@gmail.com', '2020-10-05 12:13:46', '7 A nishat bagh  behind  B.D Flour mill ,Ambala Cantt, District:AMBALA, State:HARYANA, PIN:133001', 'AMBALA', '305443290789', '5CWR5697/MEVW2366', 0, '0', '2020-12-03 21:25:52', '2021-12-03 21:25:52', 0, '2021-11-28 22:20:37', '2021-11-28 22:20:37', 1),
(19, 4, '120002011011', 'UA203020100943', 'VANSH', 'SMT SONI', 'SH DEVINDER', '2002-10-30 00:00:00', 'Male', 'Backward Class', 'Backward Class-A', 65, 'Dhobi', 10061301002487, 9992725406, 'kanojiavansh58@gmail.com', '2020-10-04 11:04:10', '26 C, BEHIND B.D. FLOUR MILL ,AMBALA CANTT, District:AMBALA, State:HARYANA, PIN:133001', 'AMBALA', '891193496924', '6VMI0251/WKFW2737', 0, '0', '2021-01-03 21:14:49', '2022-02-02 10:17:56', 0, '2021-11-28 22:20:37', '2021-11-28 22:20:37', 1),
(20, 4, '120002011044', 'UA203020101021', 'SANJANA', 'PARAMJEET KAUR', 'SUNIL KUMAR', '2002-05-21 00:00:00', 'Female', 'Schedule Caste', 'Deprived Scheduled Caste', 2, 'Balmiki', 10011601008995, 8708029566, 'sanjanasarsar66@gmail.com', '2020-10-05 15:01:06', '#1262 GOVERDHAN NAGAR,MODEL TOWN AMBALA CITY, District:AMBALA, State:HARYANA, PIN:134003', 'AMBALA', '788021205629', '8GUH2299/DKBS5108', 0, '0', '2020-12-03 21:25:52', '2021-12-03 21:25:52', 0, '2021-11-28 22:20:37', '2021-11-28 22:20:37', 1),
(21, 1, '120002011057', 'UA203020101180', 'HEMANT SHARMA', 'VEENA SHARMA', 'PARDEEP SHARMA', '2002-09-04 00:00:00', 'Male', 'General', 'General', 0, NULL, NULL, 9671705230, 'pardeepynr100@gmail.com', '2020-10-12 13:21:26', '21 Nasib Bagh A,VPO Babyal ambala cantt, District:AMBALA, State:HARYANA, PIN:133005', 'AMBALA', '228711709011', '4SVZ1860/AMDK5400', 0, '0', '2020-12-03 21:25:52', '2021-11-03 21:25:52', 0, '2021-11-28 22:20:37', '2021-11-28 22:20:37', 1),
(22, 3, '120002011015', 'UA203020101205', 'YASH', 'KIRAN', 'MUKESH KUMAR', '2003-03-24 00:00:00', 'Male', 'Schedule Caste', 'Scheduled Caste', 38, 'Chamar', 16475, 9050325406, 'puricbr250@gmail.com', '2020-10-04 11:23:21', 'RANGIA MANDI  NEAR GOVT SEN SEC SCHOOL ,PO KULDEEP NAGAR AMBALA, District:AMBALA, State:HARYANA, PIN:133004', 'AMBALA', '867464265387', '3FJN6893/LZVZ2200', 0, '0', '2021-12-03 21:25:52', '2022-02-02 10:18:01', 0, '2021-11-28 22:20:37', '2021-11-28 22:20:37', 1),
(23, 1, '120002011047', 'UA203020101290', 'JYOTI', 'GEETA DEVI', 'SULEKH CHAND', '2003-04-20 00:00:00', 'Female', 'Backward Class', 'Backward Class-A', 50, 'Kumhar', 10011601011902, 9306657340, 'nidhithegaan@gmail.com', '2020-10-05 17:33:31', 'H NO 98 VILL DHANORA PO DURANA,DISTT AMBALA, District:AMBALA, State:HARYANA, PIN:133004', 'AMBALA', '531061505680', '6SNA6369/COPP7001', 0, '0', '2020-12-03 21:25:52', '2021-12-03 21:25:52', 0, '2021-11-28 22:20:37', '2021-11-28 22:20:37', 1),
(24, 2, '120002011039', 'UA203020101296', 'MUSKAN DEVI', 'RANI DEVI', 'RAM AVTAR', '2002-11-16 00:00:00', 'Female', 'Backward Class', 'Backward Class-A', 50, 'Kumhar', 10011601005525, 7056925826, 'souravkumar8504@gmail.com', '2020-10-05 14:18:45', 'VILLAGE DHANORA ,PO DURANA , District:AMBALA, State:HARYANA, PIN:133004', 'AMBALA', '791874508607', '8ZCO5824/KWON7902', 0, '0', '2021-05-03 21:25:52', '2021-12-03 21:25:52', 0, '2021-11-28 22:20:37', '2021-11-28 22:20:37', 1),
(25, 2, '120002011043', 'UA203020101313', 'GUNJAN', 'ANITA', 'SURESH KUMAR', '2003-05-22 00:00:00', 'Female', 'Schedule Caste', 'Scheduled Caste', 38, 'Chamar', 10062001008522, 9896458556, 'sureshsanoliya187@gmail.com', '2020-10-05 14:57:30', '4562   63 MOCHI MANDI ,WARD NO 28 AMBALA CANTT, District:AMBALA, State:HARYANA, PIN:133001', 'AMBALA', '419786697207', '3CVI1926/NROT4157', 0, '0', '2021-07-03 21:25:52', '2021-11-03 21:25:52', 0, '2021-11-28 22:20:37', '2021-11-28 22:20:37', 1),
(26, 1, '120002011080', 'UA203020101325', 'RITIKA GHAI', 'AARTI', 'SHIV RAMAN GHAI', '2002-12-01 00:00:00', 'Female', 'General', 'General', 0, NULL, NULL, 9050325406, 'ritikaritika1ritika@gmail.com', '2020-11-09 13:48:46', '# 2063/64 KACHCHA BAZAR, AMBALA CANTT,, District:AMBALA, State:HARYANA, PIN:133001', 'AMBALA', '318093265242', '5QXH5733/QLEH2575', 0, '0', '2021-07-03 21:25:52', '2021-11-03 21:25:52', 0, '2021-11-28 22:20:37', '2021-11-28 22:20:37', 1),
(27, 1, '120002011074', 'UA203020101726', 'SAKSHI', 'RAJNI', 'GURCHARAN SINGH', '2003-03-05 00:00:00', 'Female', 'Backward Class', 'Backward Class-A', 104, 'Lohar', 11261801005091, 8816051764, 'ssakshidhiman122@gmail.com', '2020-10-29 15:37:51', 'HOUSE NO.10A,V.P.O.JATWAR, District:AMBALA, State:HARYANA, PIN:134201', 'AMBALA', '635854754960', '5RLG0057/DQUL8531', 0, '0', '2021-01-03 21:25:52', '2021-11-03 21:25:52', 0, '2021-11-28 22:20:37', '2021-11-28 22:20:37', 1),
(28, 1, '120002011046', 'UA203020101785', 'ROHIT KUMAR', 'MEENA', 'SHYAM LAL', '2002-02-27 00:00:00', 'Male', 'Schedule Caste', 'Deprived Scheduled Caste', 21, 'Kori', 10011101003202, 7404840800, 'rk0001002@gmail.com', '2020-10-05 17:20:38', '163/158 NASIRPUR Hissar Road,NASIRPUR, District:AMBALA, State:HARYANA, PIN:134003', 'AMBALA', '208066227289', '8XCL7097/QJUW0960', 0, '0', '2020-12-03 21:25:52', '2021-12-03 21:25:52', 0, '2021-11-28 22:20:37', '2021-11-28 22:20:37', 1),
(29, 1, '120002011012', 'UA203020101969', 'KHUSHI', 'MANJU RANI', 'SHYAM LAL', '2002-09-22 00:00:00', 'Female', 'Backward Class', 'Backward Class-A', 104, 'Lohar', 10011601008843, 8295400110, 'adhyayankukreja@gmail.com', '2020-10-04 11:07:29', 'HOUSE NO 1667/1 KAITH MAJRI AMBALA CITY,AMBAA CITY, District:AMBALA, State:HARYANA, PIN:134003', 'AMBALA', '772345207855', '7FFE7742/PZRJ9013', 0, '0', '2020-12-03 21:25:52', '2021-11-13 21:25:52', 0, '2021-11-28 22:20:37', '2021-11-28 22:20:37', 1),
(30, 2, '120002011051', 'UA203020102216', 'AKSHU', 'PALWI', 'RAJESH', '2002-09-14 00:00:00', 'Male', 'Schedule Caste', 'Deprived Scheduled Caste', 2, 'Balmiki', 10012001008526, 8571866759, 'r8929199799@gmail.com', '2020-10-06 13:47:56', '2586 1, NEAR OLD BAKRA MANDI, District:AMBALA, State:HARYANA, PIN:134003', 'AMBALA', '482387244419', '9OYJ5566/DYKT3604', 0, '0', '2020-12-03 21:25:52', '2021-12-03 21:25:52', 0, '2021-11-28 22:20:37', '2021-11-28 22:20:37', 1),
(31, 1, '120002011081', 'UA203020103665', 'JYOTI', 'KANTA DEVI', 'RAM KUMAR', '2002-06-15 00:00:00', 'Female', 'Backward Class', 'Backward Class-A', 50, 'Kumhar', 11262001002183, 8295789104, 'cscdhanana0786@gmail.com', '2020-11-09 14:08:05', 'VPO DHANANA,DHANANA, District:AMBALA, State:HARYANA, PIN:134201', 'AMBALA', '819106869187', NULL, 0, '0', '2021-06-03 21:25:52', '2021-12-03 21:25:52', 0, '2021-11-28 22:20:37', '2021-11-28 22:20:37', 1),
(32, 1, '120002011010', 'UA203020104953', 'ADARSH', 'KUSUM', 'PARVEEN KUMAR', '2003-02-16 00:00:00', 'Male', 'General', 'General', 0, NULL, NULL, 7206264598, 'as5313563@gmail.com', '2020-10-04 11:01:11', 'VPO KESRI,TEH AMBALA CANTT, District:AMBALA, State:HARYANA, PIN:133102', 'AMBALA', '446807158251', NULL, 0, '0', '2021-05-08 21:25:52', '2021-12-03 21:25:52', 0, '2021-11-28 22:20:37', '2021-11-28 22:20:37', 1),
(33, 1, '120002011045', 'UA203020105203', 'SALONI', 'PHOOLWATI', 'RAJINDER SINGH', '2003-07-07 00:00:00', 'Female', 'Schedule Caste', 'Scheduled Caste', 298, 'Ramdasia', 10031801012496, 8059055794, 'jslsingh791@gmail.com', '2020-10-05 16:16:27', 'VILL BATORA PO LAHA TEHSIL NARAINGARH DISTT AMBALA ,, District:AMBALA, State:HARYANA, PIN:134203', 'AMBALA', '534365842389', '3KZA1093/GOFM8486', 0, '0', '2021-04-09 21:25:52', '2021-12-03 21:25:52', 0, '2021-11-28 22:20:37', '2021-11-28 22:20:37', 1),
(34, 1, '120002011050', 'UA203020105463', 'KAJAL RANI', 'AMRO DEVI', 'KULWANT SINGH', '2003-08-19 00:00:00', 'Female', 'Backward Class', 'Backward Class-A', 67, 'Jhinwar', 10011601011680, 7027810174, 'sajankashyap80@gmail.com', '2020-10-06 10:38:11', 'HNO 77,, District:AMBALA, State:HARYANA, PIN:133004', 'AMBALA', '474296742459', '2TEJ4033/MFSW5872', 0, '0', '2021-04-01 21:25:52', '2021-12-03 21:25:52', 0, '2021-11-28 22:20:37', '2021-11-28 22:20:37', 1),
(35, 1, '120002011032', 'UA203020105483', 'MANISHA RANI', 'SEEMA DEVI', 'GYAN CHAND', '2001-01-08 00:00:00', 'Female', 'Backward Class', 'Backward Class-A', 201, 'Kahar', 10051401001589, 9050325406, 'MR9731225@GMAIL.COM', '2020-10-05 11:27:34', 'HNO 1587A,VPO MULLANA, District:AMBALA, State:HARYANA, PIN:133203', 'AMBALA', '634007912710', '9LJP6611/GSWM8900', 0, '0', '2021-04-11 21:25:52', '2021-12-03 21:25:52', 0, '2021-11-28 22:20:37', '2021-11-28 22:20:37', 1),
(36, 1, '120002011068', 'UA203020106278', 'AKASH', 'RAJESH KUMARI', 'JASBIR SINGH', '2003-11-21 00:00:00', 'Male', 'Schedule Caste', 'Scheduled Caste', 298, 'Ramdasia', 10031801011258, 8278108586, 'akashimar914@gmail.com', '2020-10-14 13:44:18', 'W NO 4 ,NARAINGARH DISTT AMBALA, District:AMBALA, State:HARYANA, PIN:134203', 'AMBALA', '692154563330', '6KNC8564/ZSDJ3073', 0, '0', '2021-04-09 21:25:52', '2021-12-03 21:25:52', 0, '2021-11-28 22:20:37', '2021-11-28 22:20:37', 1),
(37, 1, '120002011013', 'UA203020106580', 'BHARAT VERMA', 'ASHA VERMA', 'JASBEER VERMA', '2003-01-07 00:00:00', 'Male', 'Backward Class', 'Backward Class-A', 64, 'Sunar', 10062001007074, 9416847964, 'verma07012003@gmail.com', '2020-10-04 11:12:32', 'PANJOKHRA ,AMBALA , District:AMBALA, State:HARYANA, PIN:134011', 'AMBALA', '300919422423', '3YSY9577/EKFP1182', 0, '0', '2021-05-09 21:25:52', '2021-12-03 21:25:52', 0, '2021-11-28 22:20:37', '2021-11-28 22:20:37', 1),
(38, 1, '120002011009', 'UA203020106646', 'KARINA SAINI', 'NEELAM', 'SUKHBIR SINGH', '2001-08-15 00:00:00', 'Female', 'Backward Class', 'Backward Class-B', 63, 'Saini', 11261801005236, 9306515948, 'karinasaini1508@gmail.com', '2020-10-04 10:27:14', 'VPO PATHRERI,NEAR VESHNU MANDIR PATHRERI, District:AMBALA, State:HARYANA, PIN:134202', 'AMBALA', '921900402860', '1CZP1455/VFLI7391', 0, '0', '2021-04-09 21:25:52', '2021-12-03 21:25:52', 0, '2021-11-28 22:20:37', '2021-11-28 22:20:37', 1),
(39, 1, '120002011049', 'UA203020106647', 'AYUSHI', 'KUSUM', 'ASHWANI KUMAR', '2003-11-25 00:00:00', 'Female', 'General', 'General', 0, NULL, NULL, 9729777474, 'ayushigupta7474@gmail.com', '2020-10-05 18:50:44', 'D/O ASHWANI KUMAR,PATREHRI 103, District:AMBALA, State:HARYANA, PIN:134202', 'AMBALA', '365935138882', NULL, 0, '0', '2021-04-19 21:25:52', '2021-12-03 21:25:52', 0, '2021-11-28 22:20:37', '2021-11-28 22:20:37', 1),
(40, 1, '120002011052', 'UA203020107183', 'KRITIKA', 'BABLI', 'SUKHDEV KUMAR', '2003-02-03 00:00:00', 'Female', 'Backward Class', 'Backward Class-A', 104, 'Lohar', 10042001002466, 9467526271, 'abhinavdh001@gmail.com', '2020-10-08 10:55:45', 'near vishvkarma temple,, District:AMBALA, State:HARYANA, PIN:133104', 'AMBALA', '335192098452', '2KLA1980/LCVH0353', 0, '0', '2021-04-02 21:25:52', '2021-12-03 21:25:52', 0, '2021-11-28 22:20:37', '2021-11-28 22:20:37', 1),
(41, 1, '120002011004', 'UA203020107811', 'ASHU DEVI', 'BALA RANI', 'MOHAN LAL', '2002-11-21 00:00:00', 'Female', 'General', 'General', 0, NULL, NULL, 8278221921, 'ashudevi907@gmail.com', '2020-10-04 08:06:10', 'NEAR KUKU KARYANA STORE VPO THAMBER, TEHSIL BARARA DISTRICT AMBALA, District:AMBALA, State:HARYANA, PIN:133205', 'AMBALA', '519900572015', '9QSQ4171/FEAZ2337', 0, '0', '2021-06-09 21:25:52', '2021-12-03 21:25:52', 0, '2021-11-28 22:20:37', '2021-11-28 22:20:37', 1),
(42, 1, '120002011031', 'UA203020107829', 'SONI DEVI', 'RAKSHA DEVI', 'MANOJ KUMAR', '2003-08-08 00:00:00', 'Female', 'Backward Class', 'Backward Class-A', 151, 'Dakaut', 10021801005185, 9466646742, 'sonithamber20@gmail.com', '2020-10-05 10:30:24', 'DAKAUT MAJRI ,TEH BARARA, District:AMBALA, State:HARYANA, PIN:133205', 'AMBALA', '589062197007', '9NML7659/MXEV3122', 0, '0', '2021-04-19 21:25:52', '2021-12-03 21:25:52', 0, '2021-11-28 22:20:37', '2021-11-28 22:20:37', 1),
(43, 1, '120002011069', 'UA203020108015', 'ABHISHEKH KUMAR', 'SWARN LATA', 'PARVEEN KUMAR', '2003-04-02 00:00:00', 'Male', 'Backward Class', 'Backward Class-A', 81, 'Gadaria', 110691801006223, 9034802591, 'yash7279@gmail.com', '2020-10-14 15:26:35', 'VILLAGE RAWA,RAWA PART 239, District:KURUKSHETRA, State:HARYANA, PIN:136135', 'KURUKSHETRA', '242700157428', '2BSL3346/LNOU6831', 0, '0', '2021-01-09 21:25:52', '2021-12-03 21:25:52', 0, '2021-11-28 22:20:37', '2021-11-28 22:20:37', 1),
(44, 1, '120002011005', 'UA203020108053', 'SHUBHAM', 'PARAMJIT KAUR', 'RAJ KUMAR', '2002-02-13 00:00:00', 'Male', 'Income and Asset Certificate for Economically Weaker Sections (EWS)', 'General', 0, NULL, NULL, 9306292709, 'manchandashubham2002@gmail.com', '2020-10-04 08:29:46', 'NEAR GOVT MIDDLE SCHOOL VILL JALUBI,PO KASERLA KALAN TEH BARARA, District:AMBALA, State:HARYANA, PIN:133205', 'AMBALA', '716597285183', '8VCL6686/BBDB7025', 0, '0', '2021-03-01 21:25:52', '2021-12-03 21:25:52', 0, '2021-11-28 22:20:37', '2021-11-28 22:20:37', 1),
(45, 1, '120002011017', 'UA203020108192', 'VIKRAM', 'BABITA', 'ASHOK KUMAR', '2001-12-02 00:00:00', 'Male', 'Schedule Caste', 'Scheduled Caste', 38, 'Chamar', 10051801004642, 9817592117, 'vikramdhanaura7@gmail.com', '2020-10-04 11:40:42', 'VPO DHANAURA,TEHSIL BARARA, District:AMBALA, State:HARYANA, PIN:133203', 'AMBALA', '711629465310', '7HEG0026/QASU8526', 0, '0', '2021-02-03 21:25:52', '2021-12-03 21:25:52', 0, '2021-11-28 22:20:37', '2021-11-28 22:20:37', 1),
(46, 1, '120002011041', 'UA203020108459', 'MUSKAN', 'DEEPA RANI', 'PAWAN KUMAR', '2003-06-16 00:00:00', 'Female', 'Backward Class', 'Backward Class-A', 104, 'Lohar', 11261801003115, 9896200304, 'muskandhiman788@gmail.com', '2020-10-05 14:31:06', 'VILL KORWA KALAN PO KORWA KHURD,TEH NARAINGARH, District:AMBALA, State:HARYANA, PIN:134202', 'AMBALA', '218100201176', '8TUB2388/BUTU0755', 0, '0', '2021-01-05 21:25:52', '2021-12-03 21:25:52', 0, '2021-11-28 22:20:37', '2021-11-28 22:20:37', 1),
(47, 1, '120002011040', 'UA203020108498', 'KARAN', 'SEEMA', 'ASHOK KUMAR', '2001-12-31 00:00:00', 'Male', 'Backward Class', 'Backward Class-A', 104, 'Lohar', 11261801002575, 8307883653, 'karandmn4546@gmail.com', '2020-10-05 14:27:09', 'VILL KORWA KALAN PO KORWA KHURD,TEH NARAINGARH, District:AMBALA, State:HARYANA, PIN:134202', 'AMBALA', '814311341728', '3OVQ0858/TLHU6715', 0, '0', '2021-07-07 21:25:52', '2021-12-03 21:25:52', 0, '2021-11-28 22:20:37', '2021-11-28 22:20:37', 1),
(48, 1, '120002011063', 'UA203020108576', 'NAMAN DHAWAN', 'SEEMA', 'SUDHIR KUMAR', '2003-01-28 00:00:00', 'Male', 'General', 'General', 0, NULL, NULL, 9138527848, 'dhawannaman1@gmail.com', '2020-10-14 10:09:34', '770, MAIN GALI, NEAR HANUMAN MANDIR,VPO SAHA, District:AMBALA, State:HARYANA, PIN:133104', 'AMBALA', '713999780157', '9GOO4755/KZZM5537', 0, '0', '2021-08-03 21:25:52', '2021-12-03 21:25:52', 0, '2021-11-28 22:20:37', '2021-11-28 22:20:37', 1),
(49, 1, '120002011033', 'UA203020108809', 'MUSKAN DHIMAN', 'MITHLESH', 'SUBHASH', '2001-12-30 00:00:00', 'Female', 'Backward Class', 'Backward Class-A', 104, 'Lohar', 10021801001145, 9518096384, 'dhimanmuskan978@gmail.com', '2020-10-05 11:46:22', 'LAKKAR MANDI BARARA,, District:AMBALA, State:HARYANA, PIN:133201', 'AMBALA', '391406326900', '6FEZ5311/VPPG1693', 0, '0', '2021-05-02 21:25:52', '2021-12-03 21:25:52', 0, '2021-11-28 22:20:37', '2021-11-28 22:20:37', 1),
(50, 1, '120002011056', 'UA203020290888', 'GOURAV', 'JASVINDER', 'KULWANT', '2003-06-06 00:00:00', 'Male', 'Backward Class', 'Backward Class-B', 63, 'Saini', 110731501000273, 9306594034, 'AS22035@GMAIL.COM', '2020-10-08 15:46:53', 'VPO KALIRONO,LADWA, District:KURUKSHETRA, State:HARYANA, PIN:136132', 'KURUKSHETRA', '579612011850', '3IQI6975/BVUE3913', 0, '0', '2021-01-03 21:25:52', '2021-12-03 21:25:52', 0, '2021-11-28 22:20:37', '2021-11-28 22:20:37', 1),
(51, 1, '120002011020', 'UA203020293353', 'ANOKH', 'URMILA', 'SATPAL', '2002-08-18 00:00:00', 'Male', 'Backward Class', 'Backward Class-A', 67, 'Jhinwar', 110691701005501, 9050325406, 'anokhkashyap@gmail.com', '2020-10-04 13:16:04', 'NEAR POWER HOUSE,VILL BIJHARPUR PO TANGORE TEH SHAHABAD MARKANDA , District:KURUKSHETRA, State:HARYANA, PIN:136130', 'KURUKSHETRA', NULL, NULL, 0, '0', '2021-03-04 21:25:52', '2021-12-03 21:25:52', 0, '2021-11-28 22:20:37', '2021-11-28 22:20:37', 1),
(52, 1, '120002011071', 'UA203020293366', 'DINESH CHAHAL', 'NEELAM', 'JASVEER', '2003-01-10 00:00:00', 'Male', 'General', 'General', 0, NULL, NULL, 9991754192, 'vishalchahal178@gmail.com', '2020-10-29 13:21:55', 'VPO SHANTI NAGAR KURRI,, District:KURUKSHETRA, State:HARYANA, PIN:136136', 'KURUKSHETRA', NULL, NULL, 0, '0', '2021-04-05 21:25:52', '2021-12-03 21:25:52', 0, '2021-11-28 22:20:37', '2021-11-28 22:20:37', 1),
(53, 1, '120002011014', 'UA2030204136563', 'ANNTA', 'NIDHI', 'RAJ KUMAR', '2002-10-23 00:00:00', 'Female', 'General', 'General', 0, NULL, NULL, 9350436563, 'anntasharma0023@gmail.com', '2020-10-04 11:21:30', 'H.NO 152 ,RAILWAY COLONY JAGADHRI WORKSHOP , District:YAMUNANAGAR, State:HARYANA, PIN:135002', 'YAMUNANAGAR', '697833761945', NULL, 0, '0', '2021-05-06 21:25:52', '2021-12-03 21:25:52', 0, '2021-11-28 22:20:37', '2021-11-28 22:20:37', 1),
(54, 1, '120002011055', 'UA203020416096', 'MINAXI', 'SAROJ BALA', 'RAM KUMAR', '2003-02-13 00:00:00', 'Female', 'Schedule Caste', 'Scheduled Caste', 42, 'Ramdasi', 191101801006796, 9350183681, 'sanyamohil@gmail.com', '2020-10-08 15:30:20', 'VPO UNCHA CHANDNA,MUSTAFABAD, District:YAMUNANAGAR, State:HARYANA, PIN:133103', 'YAMUNANAGAR', '884237297103', '1PIO5444/EMEG4180', 0, '0', '2021-06-07 21:25:52', '2021-12-03 21:25:52', 0, '2021-11-28 22:20:37', '2021-11-28 22:20:37', 1),
(55, 2, '120002011034', 'UA203020416201', 'AMIT KUMAR SAINI', 'USHA RANI', 'GURCHARAN SINGH SAINI', '2002-03-15 00:00:00', 'Male', 'Backward Class', 'Backward Class-B', 63, 'Saini', 191121501007208, 9813924868, 'amitsaini98139@gmail.com', '2020-10-05 11:56:26', 'DAULATPUR,, District:YAMUNANAGAR, State:HARYANA, PIN:133202', 'YAMUNANAGAR', '665682310073', '6YID7375/PPJW5611', 0, '0', '2021-04-08 21:25:52', '2021-12-03 21:25:52', 0, '2021-11-28 22:20:37', '2021-11-28 22:20:37', 1),
(56, 3, '120002011026', 'UA203020416204', 'GURPREET SINGH', 'SATVANT KAUR', 'GURMEET SINGH', '2002-12-02 00:00:00', 'Male', 'General', 'General', 0, NULL, NULL, 7404462002, 'satnamsingh300@gmail.com', '2020-10-04 20:03:15', 'H NO. 154,, District:YAMUNANAGAR, State:HARYANA, PIN:133103', 'YAMUNANAGAR', '597086588665', '4QYT9173/QJHQ2748', 0, '0', '2021-08-09 21:25:52', '2022-02-03 21:25:52', 0, '2021-11-28 22:20:37', '2021-11-28 22:20:37', 1),
(57, 4, '120002011036', 'UA203020416205', 'ABHISHEK', 'GEETA DEVI', 'PHOOL KUMAR', '2002-11-03 00:00:00', 'Male', 'Schedule Caste', 'Scheduled Caste', 38, 'Chamar', 19112601004101, 8053115572, 'abhishekjarore074@gmail.com', '2020-10-05 12:17:24', 'JHARCHANDNA,, District:YAMUNANAGAR, State:HARYANA, PIN:133103', 'YAMUNANAGAR', '491363527317', '3USB6604/RJHK4753', 0, '0', '2021-09-10 21:25:52', '2022-01-03 21:25:52', 0, '2021-11-28 22:20:37', '2021-11-28 22:20:37', 1),
(58, 5, '120002011062', 'UB190002600691', 'GARIMA BHATT', 'REKHA', 'AJAY PARSAD BHATT', '2001-03-01 00:00:00', 'Female', 'General', 'General', 0, NULL, NULL, 7988909503, 'garimabhatt987@gmail.com', '2020-10-13 22:03:11', '#8D/1, Dayal Bagh, Babyal Road,, District:AMBALA, State:HARYANA, PIN:133001', 'AMBALA', '939740434301', NULL, 0, '0', '2021-10-11 21:25:52', '2022-02-03 21:25:52', 0, '2021-11-28 22:20:37', '2021-11-28 22:20:37', 1),
(59, 6, '120002011006', 'UB2000017600213', 'YASH', 'RAMA', 'SURESH', '2003-03-16 00:00:00', 'Male', 'Schedule Caste', 'Deprived Scheduled Caste', 2, 'Balmiki', 10062001009519, 9050325406, 'yashmevat16@gmail.com', '2020-10-04 09:19:05', 'HNO. 85 BANK ROAD AMBALA CANTT,, District:AMBALA, State:HARYANA, PIN:133001', 'AMBALA', '274631405708', '3HLU9824/SPHX9406', 0, '0', '2021-11-12 21:25:52', '2022-02-02 10:18:25', 0, '2021-11-28 22:20:37', '2021-11-28 22:20:37', 1),
(60, 7, '120002011072', 'UB2000017600771', 'HARSH SETH', 'MANJU BALA', 'NIRAJ KUMAR', '2003-01-26 00:00:00', 'Male', 'General', 'General', 0, NULL, NULL, 9050325406, 'hseth4040@gmail.com', '2020-10-29 13:53:49', 'Handesra colony ,, District:S.A.S Nagar, State:PUNJAB, PIN:140501', 'S.A.S Nagar', '916730630721', NULL, 0, '0', '2021-12-13 21:25:52', '2022-02-02 10:18:30', 0, '2021-11-28 22:20:37', '2021-11-28 22:20:37', 1),
(61, 1, '120002011076', 'UB2000017601804', 'ABHISHEK CHAUBEY', 'SEEMA', 'YOGENDER CHAUBEY', '2002-03-27 00:00:00', 'Male', 'General', 'General', 0, NULL, NULL, 9817690652, 'abhi626748chaubey@gmail.com', '2020-10-29 17:58:21', '16/3, near rana dairy, patel nagar,behind B.D Flour mill, ambala cantt, District:AMBALA, State:HARYANA, PIN:133001', 'AMBALA', '640398636871', NULL, 0, '0', '2021-01-02 21:25:52', '2021-12-03 21:25:52', 0, '2021-11-28 22:20:37', '2021-11-28 22:20:37', 1),
(62, 2, '120002011021', 'UB2000017602090', 'SOURAV SAINI', 'HARVINDER KAUR', 'SANDEEP KUMAR', '2002-03-14 00:00:00', 'Male', 'Backward Class', 'Backward Class-B', 63, 'Saini', 10061201008118, 8168915345, 'giransourav318@gmail.com', '2020-10-04 13:35:29', '#130, sarsehri,v.p.o sarsehri,ambala cantt,haryana,#130, sarsehri,v.p.o sarsehri,ambala cantt,haryana, District:AMBALA, State:HARYANA, PIN:133001', 'AMBALA', '997186224831', '3VZC3382/CMTX4206', 0, '0', '2021-02-03 21:25:52', '2021-12-03 21:25:52', 0, '2021-11-28 22:20:37', '2021-11-28 22:20:37', 1),
(63, 2, '120002011027', 'UB2000017602133', 'AMRIT PAL SINGH', 'SUNITA', 'RAJESH KUMAR', '2002-11-04 00:00:00', 'Male', 'Backward Class', 'Backward Class-B', 51, 'Gujjar', 11261901004019, 9050013299, 'amrit04112002@gmail.com', '2020-10-04 20:59:27', 'HOUSE NO 68, SECTOR A ,DEFENCE COLONY AMBALA CANTT, District:AMBALA, State:HARYANA, PIN:133001', 'AMBALA', '695114750046', '4BGP1091/BRBZ7886', 0, '0', '2021-03-04 21:25:52', '2021-12-03 21:25:52', 0, '2021-11-28 22:20:37', '2021-11-28 22:20:37', 1),
(64, 1, '120002011022', 'UB2000017602184', 'KAMALPREET KAUR', 'BALWINDER KAUR', 'SWARAN SINGH', '2002-06-10 00:00:00', 'Female', 'Backward Class', 'Backward Class-A', 103, 'Labana', 10061901017307, 9350486877, 'kamalghotra.508@gmail.com', '2020-10-04 13:47:11', 'RAMGARH MAJRA,BABYAL, AMBALA CANTT, District:AMBALA, State:HARYANA, PIN:133005', 'AMBALA', '448683954679', NULL, 0, '0', '2021-04-05 21:25:52', '2021-12-03 21:25:52', 0, '2021-11-28 22:20:37', '2021-11-28 22:20:37', 1),
(65, 1, '120002011059', 'UB2000017602201', 'SAPNA', 'SUDHA', 'RAJESH KUMAR', '2002-04-30 00:00:00', 'Female', 'Schedule Caste', 'Scheduled Caste', 183, 'Jatav', 191440030012347, 8572818524, 'sapnaa803@gmail.com', '2020-10-13 08:30:13', 'A 240 DRM COLONY,AMBALA CANTT, District:AMBALA, State:HARYANA, PIN:133001', 'AMBALA', '209240967760', NULL, 0, '0', '2021-05-06 21:25:52', '2021-12-03 21:25:52', 0, '2021-11-28 22:20:37', '2021-11-28 22:20:37', 1),
(66, 1, '120002011030', 'UB2000017602203', 'MANPREET KAUR', 'MAYA DEVI', 'JASWINDER SINGH', '2003-05-21 00:00:00', 'Female', 'Schedule Caste', 'Scheduled Caste', 42, 'Ramdasi', 387, 9350276409, 'manpreetkaur1339747@gmail.com', '2020-10-05 08:56:58', '128 RAVI DASS MANDIR ,LINE WALI BASTI NANHERA, District:AMBALA, State:HARYANA, PIN:133004', 'AMBALA', '493413621767', '2XJC5366/TDIF3139', 0, '0', '2021-06-03 21:25:52', '2021-12-03 21:25:52', 0, '2021-11-28 22:20:37', '2021-11-28 22:20:37', 1),
(67, 1, '120002011001', 'UB2000017602364', 'RUPALI', 'KIRAN SHARMA', 'SANJEEV KUMAR SHARMA', '2001-04-09 00:00:00', 'Female', 'Income and Asset Certificate for Economically Weaker Sections (EWS)', 'General', 0, NULL, NULL, 8837667166, 'rsjeema@gmail.com', '2020-10-03 00:35:52', '381, Housing Board Colony, Ambala Cantt, Haryana,, District:AMBALA, State:HARYANA, PIN:133001', 'AMBALA', '876146155646', '8CKG0184/BHPH3891', 0, '0', '2021-07-04 21:25:52', '2021-12-03 21:25:52', 0, '2021-11-28 22:20:37', '2021-11-28 22:20:37', 1),
(68, 2, '120002011037', 'UB2000017602475', 'YUKTI', 'REETA', 'ARVIND', '2002-02-06 00:00:00', 'Female', 'Schedule Caste', 'Deprived Scheduled Caste', 37, 'Pasi', 10062001009780, 9812010672, 'arvindpassi@gmail.com', '2020-10-05 12:54:28', 'H NO 10/14 CHANDER PURI COLONY NEAR DRM OFFICE ,AMBALA CANTT, District:AMBALA, State:HARYANA, PIN:133004', 'AMBALA', '202866641685', '2GCT9515/KHNO6975', 0, '0', '2021-04-05 21:25:52', '2021-12-03 21:25:52', 0, '2021-11-28 22:20:37', '2021-11-28 22:20:37', 1),
(69, 1, '120002011066', 'UB2000017602528', 'ISHANT GHAWRI', 'RENU', 'RAJESH KUMAR', '2002-08-02 00:00:00', 'Male', 'Schedule Caste', 'Deprived Scheduled Caste', 2, 'Balmiki', 10011701014956, 9416826779, 'ishantghawri2002@gmail.com', '2020-10-14 11:51:49', '#179 indera colony jandaly ambala city,#179 indera colony jandaly ambala city, District:AMBALA, State:HARYANA, PIN:134003', 'AMBALA', '617800315134', NULL, 0, '0', '2021-04-03 21:25:52', '2021-12-03 21:25:52', 0, '2021-11-28 22:20:37', '2021-11-28 22:20:37', 1),
(70, 1, '120002011023', 'UB2000017603560', 'DEVIKA', 'LALITA THAPA', 'MANI RAM THAPA', '2003-05-26 00:00:00', 'Female', 'Backward Class', 'Backward Class-A', 310, 'Gorkhas', 3582, 7988002494, 'himalthapa06337@gmail.com', '2020-10-04 14:03:13', '4307/3 PUNJABI MOHALLA AMBALA CANTT ,, District:AMBALA, State:HARYANA, PIN:133001', 'AMBALA', '855823825496', NULL, 0, '0', '2021-05-03 21:25:52', '2021-12-03 21:25:52', 0, '2021-11-28 22:20:37', '2021-11-28 22:20:37', 1),
(71, 1, '120002011028', 'UB2000017603722', 'SPARSH KATHURIA', 'HEMA KATHURIA', 'RAJESH KATHURIA', '2002-10-15 00:00:00', 'Male', 'General', 'General', 0, NULL, NULL, 9466018898, 'kathuria.hr@gmail.com', '2020-10-04 23:46:59', 'H NO S 7 D ,DEEP NAGAR AMBALA CANTT, District:AMBALA, State:HARYANA, PIN:133001', 'AMBALA', '617551206724', '1NIE6435/KAQO4455', 0, '0', '2021-06-03 21:25:52', '2021-12-03 21:25:52', 0, '2021-11-28 22:20:37', '2021-11-28 22:20:37', 1),
(72, 1, '120002011053', 'UB2000017658321', 'TEENA SAINI', 'SUSHMA SAINI', 'GURMEET SINGH', '2002-11-01 00:00:00', 'Female', 'Backward Class', 'Backward Class-B', 63, 'Saini', 110721801002279, 7027755890, 'sainiteenaji@gmail.com', '2020-10-08 14:08:45', 'VPO ISMAILABAD NEAR GUPTA RICE MILL ,ISMAILABAD , District:KURUKSHETRA, State:HARYANA, PIN:136129', 'KURUKSHETRA', '340127233453', NULL, 0, '0', '2021-07-03 21:25:52', '2021-12-03 21:25:52', 0, '2021-11-28 22:20:37', '2021-11-28 22:20:37', 1),
(73, 1, '120002011070', 'UB2000017659463', 'SAWARNJEET KAUR', 'PARVINDER KAUR', 'JAGDISH SINGH', '2003-08-16 00:00:00', 'Female', 'Backward Class', 'Backward Class-A', 104, 'Lohar', 110702001002790, 9466487471, 'GURSEWAKSAM1234@GMAIL.COM', '2020-10-14 16:56:43', 'VILL SAMALKHA,TEHSIL LADWA, District:KURUKSHETRA, State:HARYANA, PIN:136132', 'KURUKSHETRA', '831264535586', '9GXM2015/AVHQ3975', 0, '0', '2021-01-03 21:25:52', '2021-12-03 21:25:52', 0, '2021-11-28 22:20:37', '2021-11-28 22:20:37', 1),
(74, 1, '120002011025', 'UB2000017659773', 'ANKUSH', 'SUNITA', 'RAJESH', '2002-09-13 00:00:00', 'Male', 'Backward Class', 'Backward Class-B', 63, 'Saini', 110711301010349, 8307129708, 'ankushuser2000@gmail.com', '2020-10-04 16:55:28', 'VILL. KISHANPURA ,PO. PIPLI TEH. THANESAR  DISTT. KURUKSHETRA, District:KURUKSHETRA, State:HARYANA, PIN:136131', 'KURUKSHETRA', '868209505532', '4MLM5984/GSPK2628', 0, '0', '2021-02-03 21:25:52', '2021-12-03 21:25:52', 0, '2021-11-28 22:20:37', '2021-11-28 22:20:37', 1),
(75, 1, '120002011003', 'UB2000017659791', 'AYUSH', 'SUMAN DEVI', 'SATISH KUMAR', '2002-12-01 00:00:00', 'Male', 'Schedule Caste', 'Scheduled Caste', 38, 'Chamar', 110731301001002, 8814874541, 'tandonayush350@gmail.com', '2020-10-04 07:45:11', 'VPO BHAGWANPUR ,TEHSIL LADWA DISTT KURUKSHETRA, District:KURUKSHETRA, State:HARYANA, PIN:136156', 'KURUKSHETRA', '496296540607', '2LTQ8999/PUEF7720', 0, '0', '2021-03-03 21:25:52', '2021-12-03 21:25:52', 0, '2021-11-28 22:20:37', '2021-11-28 22:20:37', 1),
(76, 1, '120002011007', 'UB2000017660706', 'MEHAK', 'LEELA DEVI', 'SANJEEV KUMAR', '2001-11-10 00:00:00', 'Female', 'Backward Class', 'Backward Class-A', 67, 'Jhinwar', 10022001006062, 9306940986, 'pk7892853@gmail.com', '2020-10-04 09:57:46', 'VILLAGE UGALA TEH BARARA,NEAR BUHAVA ROAD, District:AMBALA, State:HARYANA, PIN:133205', 'AMBALA', '461140475526', '7WEV1782/MAAJ6342', 0, '0', '2021-04-03 21:25:52', '2021-12-03 21:25:52', 0, '2021-11-28 22:20:37', '2021-11-28 22:20:37', 1),
(77, 1, '120002011079', 'UB2000017660715', 'SAKSHI', 'RAJ RANI', 'JAGDISH CHAND', '2002-10-13 00:00:00', 'Female', 'Backward Class', 'Backward Class-A', 678, 'Kashyap-Rajpoot', 110691801019430, 9467188506, 'pk7892853@gmail.com', '2020-11-09 11:30:00', 'VILLAGE DADLU PO RAWA,TEH SHAHABAD MARKANDA, District:KURUKSHETRA, State:HARYANA, PIN:136135', 'KURUKSHETRA', '221220369204', '7MGM6208/JCSE4671', 0, '1', '2021-05-03 21:25:52', '2021-12-03 21:25:52', 0, '2021-11-28 22:20:37', '2021-11-28 22:20:37', 1),
(78, 1, '120002011061', 'UB2000017703561', 'MANINDER SAINI', 'REKHA RANI', 'JAIPAL', '2003-07-04 00:00:00', 'Male', 'Backward Class', 'Backward Class-B', 63, 'Saini', 191081901044476, 8708316323, 'sainimaninder384@gmail.com', '2020-10-13 15:25:59', 'VPO BALCHHAPPER TEH JAGADHRI,DISTT YAMUNA NAGAR, District:YAMUNANAGAR, State:HARYANA, PIN:135003', 'YAMUNANAGAR', '750024733999', '3JMJ5984/JGCO4584', 0, '1', '2021-06-03 21:25:52', '2021-12-03 21:25:52', 0, '2021-11-28 22:20:37', '2021-11-28 22:20:37', 1),
(79, 1, '120002011065', 'UO200002020564796', 'rani paswan', 'rama devi', 'om parkash paswan', '2003-04-05 00:00:00', 'Female', 'Backward Class', 'Backward Class-A', 278, 'Dosali', 601204006218, 9878873254, 'tanutripathi41@gmail.com', '2020-10-14 11:42:18', 'VILL NARAINPUR ,, District:DEORIA, State:UTTAR PRADESH, PIN:274001', 'DEORIA', '578167054459', NULL, 1, '1', '2021-04-03 21:25:52', '2021-12-03 21:25:52', 0, '2021-11-28 22:20:37', '2021-11-28 22:20:37', 1);

-- --------------------------------------------------------

--
-- Table structure for table `users`
--

DROP TABLE IF EXISTS `users`;
CREATE TABLE IF NOT EXISTS `users` (
  `id` int(11) NOT NULL,
  `user_type` int(11) NOT NULL DEFAULT '0' COMMENT '1:admin,0:user',
  `first_name` varchar(225) COLLATE utf8mb4_unicode_520_ci NOT NULL,
  `last_name` varchar(255) COLLATE utf8mb4_unicode_520_ci NOT NULL,
  `email` varchar(255) COLLATE utf8mb4_unicode_520_ci NOT NULL,
  `profile_img` varchar(500) COLLATE utf8mb4_unicode_520_ci NOT NULL DEFAULT 'default.png',
  `company_name` varchar(255) COLLATE utf8mb4_unicode_520_ci NOT NULL,
  `password` varchar(400) COLLATE utf8mb4_unicode_520_ci NOT NULL,
  `status` tinyint(4) NOT NULL DEFAULT '0' COMMENT '0:inactive,1:active',
  `created` datetime NOT NULL DEFAULT CURRENT_TIMESTAMP,
  `modified` datetime NOT NULL DEFAULT CURRENT_TIMESTAMP,
  `is_deleted` tinyint(4) NOT NULL DEFAULT '1' COMMENT '0:deleted,1:undeleted'
) ENGINE=InnoDB DEFAULT CHARSET=utf8mb4 COLLATE=utf8mb4_unicode_520_ci;

--
-- Dumping data for table `users`
--

INSERT INTO `users` (`id`, `user_type`, `first_name`, `last_name`, `email`, `profile_img`, `company_name`, `password`, `status`, `created`, `modified`, `is_deleted`) VALUES
(1, 0, 'Singh', 'Anokh', 'admin@gmail.com', 'cravinkminds - D.png', 'this', '$2y$10$psvmEIKDsrU56sxTuwopoeAJTLXLQfZQOcUCFaxKDTjGW3zqWjc3u', 0, '2021-11-19 15:40:10', '2021-11-19 15:40:10', 1),
(7, 1, 'user', 'us', 'user@gmail.com', 'gear-gaa73fa637_1280.png', 'FLOWUp', '$2y$10$psvmEIKDsrU56sxTuwopoeAJTLXLQfZQOcUCFaxKDTjGW3zqWjc3u', 0, '2021-11-19 23:25:55', '2021-11-19 23:25:55', 1),
(11, 1, 'sd', 'jk', 'anokhkashyap@gmail.com', 'default.png', 'jass', '$2y$10$QZIPnGcV.RUrd3VewzE1g.cO2HjM741REI0/K/Amg.xEAphFAhKMO', 0, '2021-12-03 00:34:28', '2021-12-03 00:34:28', 1);

-- --------------------------------------------------------

--
-- Table structure for table `vaccination`
--

DROP TABLE IF EXISTS `vaccination`;
CREATE TABLE IF NOT EXISTS `vaccination` (
  `id` int(11) NOT NULL,
  `name` varchar(100) COLLATE utf8mb4_unicode_520_ci DEFAULT NULL,
  `company` varchar(100) COLLATE utf8mb4_unicode_520_ci DEFAULT NULL,
  `status` tinyint(4) NOT NULL DEFAULT '1' COMMENT '1:Active,0:Inactive',
  `created` timestamp NOT NULL DEFAULT CURRENT_TIMESTAMP,
  `modified` timestamp NOT NULL DEFAULT CURRENT_TIMESTAMP,
  `is_deleted` tinyint(4) NOT NULL DEFAULT '1' COMMENT '1:NOt delete,0:delete;'
) ENGINE=InnoDB DEFAULT CHARSET=utf8mb4 COLLATE=utf8mb4_unicode_520_ci;

--
-- Dumping data for table `vaccination`
--

INSERT INTO `vaccination` (`id`, `name`, `company`, `status`, `created`, `modified`, `is_deleted`) VALUES
(1, 'Covishield', 'Covisheild India', 1, '2021-12-08 12:24:38', '2021-12-08 12:24:38', 1),
(2, 'Covaccine', 'Covaccine India', 1, '2021-12-08 12:24:49', '2021-12-08 12:24:49', 1),
(3, 'Zydus Cadila', 's ZyCoV-D', 1, '2021-12-08 12:37:04', '2021-12-08 12:37:04', 1),
(4, 'AstraZeneca Vaccine', 'Oxford', 1, '2021-12-08 12:37:47', '2021-12-08 12:37:47', 1),
(5, 'Biological E', 'india', 1, '2021-12-08 12:38:19', '2021-12-08 12:38:19', 1),
(6, 'Mynvax', 'Bengaluru-based medical pharmaceutical', 1, '2021-12-08 12:39:06', '2021-12-08 12:39:06', 1),
(7, 'ennova Biopharmaceuticals', 'Drug Controller General of India', 1, '2021-12-08 12:40:29', '2021-12-08 12:40:29', 1);
COMMIT;

/*!40101 SET CHARACTER_SET_CLIENT=@OLD_CHARACTER_SET_CLIENT */;
/*!40101 SET CHARACTER_SET_RESULTS=@OLD_CHARACTER_SET_RESULTS */;
/*!40101 SET COLLATION_CONNECTION=@OLD_COLLATION_CONNECTION */;
